filename,length,chroma_stft_mean,chroma_stft_var,rms_mean,rms_var,spectral_centroid_mean,spectral_centroid_var,spectral_bandwidth_mean,spectral_bandwidth_var,rolloff_mean,rolloff_var,zero_crossing_rate_mean,zero_crossing_rate_var,harmony_mean,harmony_var,perceptr_mean,perceptr_var,tempo,mfcc1_mean,mfcc1_var,mfcc2_mean,mfcc2_var,mfcc3_mean,mfcc3_var,mfcc4_mean,mfcc4_var,mfcc5_mean,mfcc5_var,mfcc6_mean,mfcc6_var,mfcc7_mean,mfcc7_var,mfcc8_mean,mfcc8_var,mfcc9_mean,mfcc9_var,mfcc10_mean,mfcc10_var,mfcc11_mean,mfcc11_var,mfcc12_mean,mfcc12_var,mfcc13_mean,mfcc13_var,mfcc14_mean,mfcc14_var,mfcc15_mean,mfcc15_var,mfcc16_mean,mfcc16_var,mfcc17_mean,mfcc17_var,mfcc18_mean,mfcc18_var,mfcc19_mean,mfcc19_var,mfcc20_mean,mfcc20_var,label
古翊汎(生)1-1,4.88,0.1882391721010208,0.09432566165924072,0.2301529049873352,0.006959196645766497,1712.073248510623,200291.54716534464,1436.9943605558356,92322.92790492087,3025.1088797763628,698801.2713685633,0.09667043098341233,0.0012510737244784732,0.0003289453743491322,0.04781629890203476,6.198022310854867e-05,0.005595580209046602,103.359375,-156.06234741210938,1072.5384521484375,99.71025085449219,588.9707641601562,-78.72667694091797,469.7499694824219,10.872407913208008,234.44264221191406,-31.836280822753906,109.18844604492188,-21.564977645874023,250.876220703125,-24.2413272857666,127.99996948242188,-13.292428016662598,55.65804672241211,-23.638046264648438,127.20977020263672,-3.516101598739624,107.3636245727539,-10.005535125732422,80.33551025390625,1.5649431943893433,145.10398864746094,-6.151899337768555,223.72024536132812,-9.634645462036133,178.42379760742188,-4.88211727142334,228.8015899658203,-2.092503070831299,283.0279235839844,9.981884956359863,302.9460754394531,14.400812149047852,235.0175323486328,4.694281578063965,462.1990966796875,9.040756225585938,476.1146240234375,1
孫凱琳(生)1-1,4.07,0.2088353931903839,0.10406895726919174,0.16652558743953705,0.005739206448197365,2066.1820014428486,1126749.4618309939,1929.9470509026175,138012.32696746636,3252.981844815341,3314687.680198141,0.10448109019886363,0.010537231387185656,1.6063640941865742e-06,0.023877756670117378,-4.267573331162566e-06,0.004613099154084921,103.359375,-229.92662048339844,3227.39208984375,64.69646453857422,1640.524169921875,-14.688088417053223,545.92578125,-1.5441908836364746,1428.3824462890625,-19.900911331176758,553.4392700195312,-7.0425190925598145,812.7484130859375,-7.4105610847473145,851.8168334960938,1.6675087213516235,120.43070983886719,-27.26983642578125,282.66497802734375,11.89059066772461,94.52670288085938,-9.38193130493164,40.393306732177734,1.4540470838546753,123.86888885498047,5.305582046508789,95.44153594970703,-3.3837814331054688,431.7721862792969,-3.1007468700408936,443.2472839355469,10.283341407775879,288.23492431640625,6.09840202331543,205.91888427734375,25.563993453979492,548.040771484375,19.623973846435547,716.0319213867188,16.46853256225586,267.8006286621094,1
小咪(生)1-1,4.92,0.19459445774555206,0.09514506161212921,0.1778871715068817,0.0103640491142869,1440.9823652301975,99307.59071163356,1240.0880035468017,135128.97170985208,2185.1122586232314,824533.35291282,0.08935546875,0.0003290198883920346,4.023273049824638e-06,0.03126547485589981,1.578355659148656e-05,0.004721561912447214,89.10290948275862,-245.89405822753906,2344.498779296875,112.31563568115234,493.71380615234375,-60.252166748046875,783.1154174804688,-21.92932891845703,506.82513427734375,-23.205224990844727,273.390625,0.7654016017913818,205.54368591308594,-5.119104862213135,496.7738342285156,-0.9974148869514465,165.25062561035156,-7.823902130126953,130.27210998535156,8.647282600402832,208.53330993652344,-9.77324390411377,182.2918701171875,-7.0091552734375,213.4171905517578,1.2642618417739868,551.94580078125,-1.9299800395965576,867.8792724609375,14.620322227478027,429.2605285644531,7.30092716217041,410.4614562988281,13.77442741394043,555.2922973632812,11.199413299560547,816.6103515625,3.600977659225464,754.605712890625,1.3356456756591797,215.73635864257812,1
柯銘峰(生)1-1,4.23,0.24252666532993317,0.10286927968263626,0.22263365983963013,0.01226778607815504,1515.4874985085003,685199.6703187464,1675.0666832806696,106664.31033441314,2853.504356971154,1809084.8926961776,0.061614654876373624,0.006009321485707588,0.001725418958812952,0.052929457277059555,7.562142855022103e-05,0.003803528845310211,86.1328125,-186.96160888671875,3295.81982421875,105.3698501586914,1494.879150390625,-25.97787094116211,538.825439453125,32.6381721496582,422.57293701171875,-6.78816556930542,302.0720520019531,-23.695112228393555,252.9032440185547,-36.61969757080078,168.05624389648438,-3.905228853225708,121.25598907470703,-25.765729904174805,99.27679443359375,-14.287270545959473,79.56625366210938,-21.756221771240234,119.937255859375,-0.5442109107971191,82.1406478881836,-11.358158111572266,38.15981674194336,-17.78888702392578,79.56175231933594,-2.910419464111328,35.23756790161133,3.3573551177978516,48.5097541809082,-11.280194282531738,44.91928482055664,-0.2405184507369995,27.31365394592285,-2.706949472427368,41.168067932128906,-17.67678451538086,40.449981689453125,1
梁越玲(生)1-1,4.08,0.22980570793151855,0.09626280516386032,0.20375138521194458,0.007962160743772984,3239.5850752135475,1491161.4335911477,2486.3909231073726,94481.88106086961,6187.553683194247,2117441.46668789,0.1780118075284091,0.016724512227310626,1.4796131608818541e-06,0.031604550778865814,-1.0272877659645019e-07,0.012274513952434063,92.28515625,-172.50784301757812,3172.895263671875,7.376589775085449,2049.892822265625,-20.4835262298584,888.7199096679688,-6.197531223297119,754.0101928710938,-21.643266677856445,145.37586975097656,-7.6826982498168945,210.27464294433594,-26.299793243408203,318.93646240234375,7.507188320159912,172.5796356201172,-9.91934871673584,327.3408203125,-5.801114559173584,137.25392150878906,-31.463956832885742,141.8354949951172,8.022604942321777,181.90438842773438,-16.593542098999023,178.84642028808594,-5.245201587677002,173.86244201660156,4.105423450469971,689.512939453125,2.550860643386841,686.2572631835938,10.051825523376465,593.967041015625,34.911521911621094,707.3197631835938,-9.49440860748291,544.221435546875,11.402013778686523,521.4181518554688,1
王金櫻(旦)1-1,3.74,0.17311175167560577,0.09492220729589462,0.16792726516723633,0.005066458601504564,1633.6721643054605,184604.74552584448,1476.665679482311,105526.77592119816,2909.6408420138887,690121.6371118288,0.085693359375,0.0010794393810225121,0.00017888980801217258,0.028397493064403534,8.92146781552583e-05,0.0018103362526744604,92.28515625,-219.21429443359375,1517.9490966796875,99.85322570800781,538.32666015625,-60.52054977416992,600.6726684570312,20.284812927246094,352.4142150878906,-24.11106300354004,139.17259216308594,-30.28289794921875,262.0001220703125,-8.462007522583008,164.1009979248047,10.926419258117676,143.2169647216797,-14.909693717956543,162.43966674804688,-2.384075164794922,52.879371643066406,-16.14743995666504,65.93646240234375,3.8443779945373535,98.63597106933594,-13.475831985473633,87.67308807373047,-7.604467868804932,238.8343048095703,8.091856956481934,304.3161315917969,2.841762065887451,188.60443115234375,24.252531051635742,223.97682189941406,19.880510330200195,407.8853759765625,9.174293518066406,449.0856628417969,14.250815391540527,200.72377014160156,1
石惠君(旦)1-1,6.11,0.2140500545501709,0.09442009031772614,0.1648312211036682,0.008141374215483665,2213.098087056083,452673.85388930293,1790.8205389416503,57354.34868244505,4029.902120960076,877165.2624214968,0.12064445698669202,0.004049492719231374,5.164376943866955e-07,0.02522945962846279,-4.7180282081171754e-07,0.004860033746808767,99.38401442307692,-174.60218811035156,1947.2452392578125,64.31578063964844,1399.705322265625,-56.29609680175781,483.4837341308594,13.786437034606934,294.3358459472656,-33.011474609375,142.60073852539062,-4.5015716552734375,282.0503234863281,-15.849872589111328,148.2042236328125,-20.48352813720703,225.29006958007812,-16.24888801574707,112.5361328125,3.527360677719116,215.11122131347656,-8.355164527893066,191.10739135742188,11.964960098266602,114.63920593261719,-22.357694625854492,128.74278259277344,-7.002890586853027,246.77255249023438,-1.7930395603179932,240.95005798339844,0.5785937905311584,356.8699035644531,4.797898769378662,359.6162109375,5.447967052459717,410.51470947265625,5.023654937744141,446.71502685546875,8.080984115600586,346.00811767578125,1
許亞芬(生)1-1,3.85,0.1960524022579193,0.09311310946941376,0.20835135877132416,0.010342850349843502,2388.168324341327,565413.8827644523,2043.3898050365942,70043.39573928685,4249.759242046311,1622592.1998677957,0.11476962537650602,0.00498616496404658,-3.725126589415595e-07,0.04268693923950195,-9.212203622155357e-06,0.007574601098895073,99.38401442307692,-164.8959197998047,1026.578857421875,28.023351669311523,1028.8912353515625,-74.94702911376953,499.1285705566406,-13.655763626098633,464.31121826171875,-30.48557472229004,352.8564453125,-25.963361740112305,347.4021911621094,-27.924711227416992,194.5618133544922,-5.530259132385254,127.36511993408203,-19.40392303466797,153.1460418701172,-10.939848899841309,144.66424560546875,-16.494665145874023,99.7568130493164,8.51694393157959,94.5682144165039,-21.9990291595459,87.46931457519531,-1.3020670413970947,221.1645965576172,-11.621427536010742,170.65333557128906,4.767324447631836,362.0392150878906,16.877412796020508,426.6436462402344,13.392498970031738,240.2902374267578,15.530997276306152,385.3447570800781,14.825113296508789,567.7437133789062,1
郭春美(生)1-1,4.01,0.23995693027973175,0.10312948375940323,0.14036308228969574,0.0067430464550852776,2471.540210617434,862064.686549934,1859.0336020715922,174918.5582802266,4318.714155075867,2401261.667009982,0.15459040823699421,0.008499166841133186,9.429666079086019e-07,0.008124752901494503,8.819205504551064e-06,0.012562232092022896,112.34714673913044,-243.88226318359375,5047.2119140625,22.649059295654297,1686.604736328125,-69.32093048095703,1451.8306884765625,-12.196709632873535,435.860595703125,-46.291255950927734,1476.0595703125,-3.104681968688965,304.164794921875,-11.90787410736084,1188.629638671875,2.412130355834961,142.92369079589844,-19.181392669677734,185.2588348388672,7.02266263961792,213.28689575195312,-6.251651287078857,223.863525390625,2.7214229106903076,444.2193298339844,7.574173450469971,370.9239196777344,3.75282621383667,618.5547485351562,3.9587910175323486,745.9757080078125,5.965692043304443,862.3860473632812,10.86483097076416,533.0238647460938,20.449085235595703,548.7587890625,2.483180046081543,722.462646484375,-2.2483198642730713,654.06396484375,1
古翊汎(生)1-2,11.64,0.20848506689071655,0.09789416939020157,0.23157072067260742,0.012763668783009052,1351.0093436418665,118271.18457804779,1334.1379226618492,76900.9191352814,2331.8271348200947,663760.945445203,0.07234343874501992,0.000999872072282548,-0.00029235993861220777,0.046015046536922455,-8.988412446342409e-05,0.008962095715105534,103.359375,-184.94456481933594,2070.75244140625,120.97596740722656,672.0459594726562,-52.31659698486328,546.9646606445312,1.562408447265625,349.393798828125,-36.19232177734375,464.7612609863281,-22.49823570251465,199.337646484375,-9.619987487792969,233.43255615234375,-13.425739288330078,111.6713638305664,-25.441701889038086,148.53482055664062,-5.765050888061523,121.546142578125,-10.517959594726562,146.39503479003906,-5.108346939086914,116.0049057006836,-9.770730018615723,126.1166763305664,-7.793093204498291,139.07681274414062,-4.855244159698486,189.02259826660156,-3.4589455127716064,269.1229553222656,6.687999725341797,236.06561279296875,6.86234712600708,287.383544921875,4.411248207092285,337.8084411621094,2.225109100341797,246.69390869140625,2
孫凱琳(生)1-2,11.39,0.24048765003681183,0.11127354204654694,0.12574322521686554,0.005861915647983551,1751.3842573337988,1090052.0031016972,1961.9029658746267,181969.8558017434,2976.7789448351577,3340460.05512829,0.08059027335794297,0.008886023998689704,8.953764307761958e-08,0.01643848791718483,-3.447501512710005e-06,0.0024769832380115986,99.38401442307692,-281.8255615234375,6170.74755859375,88.21630096435547,1287.5478515625,9.362585067749023,869.2898559570312,3.1988577842712402,1020.9480590820312,-24.841888427734375,1030.6192626953125,-12.482972145080566,486.2619934082031,7.250467300415039,380.3847961425781,-5.825893878936768,212.5068359375,-21.198101043701172,211.10809326171875,15.49489974975586,236.63670349121094,-17.972579956054688,153.35389709472656,0.6103323101997375,121.19628143310547,-3.3075833320617676,183.07623291015625,-7.495209217071533,210.349853515625,-4.325668811798096,148.7615203857422,-0.2639823853969574,328.6477966308594,-0.5098158717155457,325.8244934082031,17.72581672668457,547.9915161132812,9.906821250915527,444.4949645996094,9.53527545928955,265.12420654296875,2
小咪(生)1-2,12.14,0.2384880781173706,0.10037869215011597,0.16311059892177582,0.011912049725651741,1148.8594647475343,108395.02243612737,1080.6468446746994,159244.31604230372,1697.4451429061307,683989.0785181853,0.07440232138597329,0.0004536454627636283,4.332051503297407e-06,0.028486378490924835,1.6378067812183872e-05,0.004148917738348246,112.34714673913044,-256.287353515625,2230.917236328125,136.72084045410156,1375.37890625,-25.36097526550293,793.7498168945312,-32.20890426635742,687.8766479492188,-32.45401382446289,457.63787841796875,-8.376538276672363,218.83209228515625,3.713416576385498,423.0267639160156,-4.83792781829834,106.63408660888672,-11.470869064331055,165.30630493164062,6.674094200134277,157.456787109375,-1.0770577192306519,72.78693389892578,-8.776500701904297,94.04936218261719,-12.652779579162598,81.81230926513672,-15.71976375579834,180.6383514404297,-4.094394207000732,156.92771911621094,-1.238451600074768,242.22946166992188,7.653669834136963,283.2742614746094,8.421046257019043,572.5989379882812,5.169734477996826,607.6821899414062,0.42790040373802185,260.2851257324219,2
柯銘峰(生)1-2,11.68,0.24087609350681305,0.10046882927417755,0.16269135475158691,0.009417517110705376,1240.104545982657,521869.96533981827,1580.2468502166596,251518.52046272918,2162.420654296875,2717197.5272521377,0.052665589347718256,0.0025456609224591338,0.0009370995685458183,0.027882887050509453,0.000158315320732072,0.003168853698298335,107.666015625,-242.12367248535156,5271.5595703125,130.17404174804688,1416.9029541015625,5.77011251449585,665.6477661132812,16.266935348510742,749.984619140625,-22.345417022705078,682.9234619140625,-17.941104888916016,246.61790466308594,-19.352325439453125,239.9124298095703,-2.9964396953582764,102.01641082763672,-18.296606063842773,170.13128662109375,-10.498929977416992,147.664306640625,-10.080609321594238,73.87312316894531,-5.1716132164001465,108.67467498779297,-12.866106986999512,87.72329711914062,-15.251957893371582,74.77066802978516,-6.502017021179199,67.76203155517578,-2.9729673862457275,40.271541595458984,-15.317599296569824,66.88665771484375,-0.5655310750007629,57.585941314697266,-7.449456691741943,76.89978790283203,-13.272618293762207,39.897254943847656,2
梁越玲(生)1-2,11.36,0.23668748140335083,0.10336574912071228,0.190780371427536,0.013198127038776875,2593.828760827939,1476507.212836698,2376.6383028834543,134278.03469786688,5354.27490234375,3132147.157841921,0.12628348214285715,0.013866317710097956,-2.538993726375338e-07,0.028650596737861633,-3.213104037058656e-06,0.011167800053954124,86.1328125,-216.47879028320312,6880.51416015625,43.49261474609375,1244.364990234375,-5.881129741668701,1057.5921630859375,-7.371789455413818,1342.018310546875,-33.08015823364258,1175.02783203125,-1.91762375831604,324.8769226074219,-13.13349437713623,616.111083984375,10.534910202026367,168.7021026611328,-29.187667846679688,235.5525665283203,-6.290207386016846,178.23194885253906,-26.31711196899414,169.85926818847656,5.199109077453613,163.3072967529297,-11.828763008117676,235.7432098388672,-11.688082695007324,221.92552185058594,5.56637716293335,333.0552978515625,3.362391710281372,436.0736083984375,-10.227774620056152,336.6763610839844,14.379923820495605,816.6759033203125,1.422568678855896,637.3163452148438,-6.1980299949646,441.2231140136719,2
王金櫻(旦)1-2,11.25,0.20931413769721985,0.09796953201293945,0.1506478488445282,0.008885075338184834,1120.8268487913097,114838.36891610213,1237.2899420600472,158680.89024237514,1856.739288015464,896966.6822978826,0.060781451353092784,0.000830032439043854,-2.0053001207998022e-05,0.022595275193452835,-0.00010911877325270325,0.004434665199369192,198.76802884615384,-274.1023864746094,4847.8427734375,139.0315704345703,800.154052734375,-22.430545806884766,1152.55517578125,2.6260476112365723,465.1402587890625,-22.207767486572266,775.1473388671875,-22.492570877075195,318.65765380859375,2.795030355453491,203.3210906982422,-1.3687430620193481,81.38898468017578,-13.745233535766602,119.98149871826172,-1.7357665300369263,90.23789978027344,-9.863408088684082,129.09983825683594,-10.395218849182129,123.75950622558594,-13.182455062866211,132.92398071289062,-4.053885459899902,106.38807678222656,3.390981435775757,187.24681091308594,-2.976820468902588,232.46678161621094,8.302995681762695,343.79833984375,8.841226577758789,268.7251281738281,0.909315824508667,298.59832763671875,6.162314414978027,249.4310302734375,2
石惠君(旦)1-2,12.21,0.2190641164779663,0.09634087979793549,0.15111811459064484,0.01066521741449833,2043.0643455863324,1016012.6713999665,1794.4292579309245,148428.10684755456,3557.9933775695104,2257613.2237289343,0.11654048092918251,0.008891328391351287,-2.190668091373027e-08,0.019962675869464874,3.0055500701564597e-06,0.006916449870914221,99.38401442307692,-204.67764282226562,2830.234130859375,78.73103332519531,2153.110107421875,-37.498722076416016,676.5862426757812,10.646374702453613,715.816162109375,-25.603742599487305,350.8850402832031,-11.790064811706543,215.6049041748047,-12.39089298248291,206.27418518066406,-21.020170211791992,228.0440216064453,-19.647415161132812,175.380859375,7.961154937744141,264.900146484375,-8.823111534118652,191.4927215576172,2.4622459411621094,115.83349609375,-16.92430305480957,149.68800354003906,-8.102502822875977,165.55691528320312,-5.264551639556885,155.2494659423828,-4.183188438415527,282.5938720703125,1.3141335248947144,400.63812255859375,3.522049903869629,384.69830322265625,3.614609718322754,339.73236083984375,5.780050754547119,365.0615539550781,2
許亞芬(生)1-2,11.52,0.22556419670581818,0.09739737212657928,0.1032910868525505,0.004390427842736244,2286.5889240233378,359170.49735758547,2045.2677053189404,115272.38545887615,4078.3323476012324,1644857.0734493032,0.11847844881790745,0.0017384513589135103,-5.846235353601514e-07,0.008227387443184853,-1.7008700581300218e-07,0.003169946139678359,103.359375,-207.9796905517578,1742.219482421875,46.17884826660156,670.6253051757812,-71.46280670166016,374.9913330078125,-20.88746452331543,384.5445861816406,-29.792194366455078,246.925048828125,-21.176851272583008,176.1538848876953,-18.63755989074707,215.05853271484375,-10.273557662963867,141.05445861816406,-27.12443733215332,109.64804077148438,-11.6354341506958,117.56212615966797,-19.24212646484375,125.1329116821289,3.1558117866516113,92.98805236816406,-11.250494956970215,113.07805633544922,1.1570632457733154,95.5849609375,-8.199137687683105,153.2869873046875,-2.0404715538024902,272.4383239746094,2.454768657684326,217.03533935546875,4.572197437286377,252.49880981445312,1.447950839996338,383.9406433105469,7.291756629943848,293.0628662109375,2
郭春美(生)1-2,11.1,0.28004562854766846,0.1080094575881958,0.097592793405056,0.00586584722623229,2046.8977423480649,1129375.2910333753,1969.4273452460416,200374.03985809963,3832.6179520322285,3751559.3163734814,0.11202945589770355,0.01046877953002408,7.498432097463592e-08,0.006105133332312107,2.953812554551405e-06,0.006029430776834488,103.359375,-293.42041015625,8750.328125,58.09528350830078,1805.156494140625,-20.73033332824707,1761.1580810546875,-14.854214668273926,689.9381103515625,-43.5474853515625,1294.3387451171875,-14.392914772033691,377.3360595703125,-13.750594139099121,479.8125305175781,-1.5148334503173828,222.79827880859375,-25.331438064575195,396.9967956542969,6.076257705688477,233.99830627441406,-2.920182943344116,131.47378540039062,-3.4452242851257324,136.1658172607422,-1.4117887020111084,159.92208862304688,-6.351902961730957,222.09808349609375,-7.593017578125,285.7030944824219,-2.7290472984313965,365.6468505859375,6.470252513885498,370.036376953125,9.508400917053223,613.14599609375,6.917115211486816,505.1712646484375,3.1349565982818604,368.0587158203125,2
古翊汎(生)1-3,7.61,0.2208859920501709,0.09804507344961166,0.2672550082206726,0.011438471265137196,1462.2022912115974,104393.51229920624,1339.3298999669864,93077.67700911335,2417.2990008098323,779668.8570527849,0.0816724823742378,0.00039213599503075777,-0.0006406931206583977,0.05332430824637413,-0.0001244585873791948,0.012947728857398033,103.359375,-156.9082794189453,1411.2322998046875,118.38680267333984,1005.6056518554688,-65.06704711914062,409.6130065917969,-8.368753433227539,179.445068359375,-50.1078987121582,424.6507263183594,-18.766164779663086,197.30975341796875,-0.49383729696273804,318.0554504394531,-8.162569999694824,101.45246124267578,-25.826494216918945,123.05223083496094,-4.002752304077148,89.46115112304688,-11.101211547851562,84.70875549316406,1.0083099603652954,77.07479095458984,-3.4696550369262695,73.15132141113281,-2.1494269371032715,80.50272369384766,-2.951230764389038,168.9641876220703,-0.31374359130859375,240.69740295410156,3.7767791748046875,269.9772644042969,4.039535045623779,321.7048034667969,2.2371087074279785,468.81573486328125,3.45733904838562,419.8226013183594,3
孫凱琳(生)1-3,6.4,0.2033723145723343,0.09999142587184906,0.14307942986488342,0.006269107572734356,1542.3377955898084,895437.1956005603,1677.691639740511,229517.75984210699,2257.5144892153535,2853118.489015855,0.08286805083786232,0.0076010282382422256,3.124524994291278e-07,0.019840620458126068,-7.011130037426483e-06,0.003316099289804697,117.45383522727273,-271.9856262207031,4228.2099609375,101.83692932128906,1363.1365966796875,-0.09907465428113937,594.1542358398438,-11.18358039855957,1013.8575439453125,-31.764528274536133,883.4540405273438,-7.919869899749756,366.9100341796875,13.308243751525879,473.30316162109375,-5.200342655181885,199.13111877441406,-20.214496612548828,98.29789733886719,15.924245834350586,119.77840423583984,-18.68626594543457,124.45545959472656,0.5146846771240234,116.1344985961914,-1.2917802333831787,137.33828735351562,-8.113263130187988,218.157958984375,-9.007740020751953,217.1702880859375,-5.420168876647949,256.05853271484375,-1.5541589260101318,264.4383239746094,14.602264404296875,582.9976196289062,10.5015287399292,496.5314636230469,11.911250114440918,333.746826171875,3
小咪(旦)1-3,8.07,0.23128476738929749,0.10202541202306747,0.19565902650356293,0.007975413464009762,1158.0584145725595,101437.00408246565,1031.120964466274,127872.23612169067,1587.4240217537715,652547.2629766171,0.07665594692887931,0.0004644140252696584,5.574047918344149e-06,0.03702213242650032,9.159329238173086e-06,0.003607284976169467,99.38401442307692,-247.5775909423828,2204.854248046875,138.44125366210938,1004.7841186523438,-34.84278869628906,1090.2423095703125,-34.789302825927734,305.1641540527344,-45.830997467041016,306.0431823730469,-9.748583793640137,217.75099182128906,12.988591194152832,338.09710693359375,-4.840086936950684,101.1228256225586,-15.66769790649414,144.58746337890625,13.007835388183594,160.14219665527344,-5.173436641693115,60.1630744934082,-10.475632667541504,125.10108947753906,-5.779580116271973,82.63961791992188,-24.071086883544922,192.1964569091797,-6.123034477233887,145.32687377929688,-0.5692233443260193,233.5221405029297,2.014092206954956,327.35699462890625,9.14528751373291,561.3611450195312,13.029645919799805,517.6442260742188,1.8400954008102417,490.4919128417969,3
柯銘峰(生)1-3,6.64,0.23137471079826355,0.09903191775083542,0.216905876994133,0.010259270668029785,1063.9463852575384,347151.9847484245,1364.5084302580449,138203.53456425812,1584.3844753878934,1503501.2933672718,0.05215731534090909,0.0021740777888119185,0.0017017268110066652,0.04620160907506943,6.939179002074525e-05,0.004475354216992855,151.99908088235293,-210.45396423339844,3989.452880859375,139.57260131835938,946.498046875,0.5843241214752197,1425.242431640625,8.889871597290039,482.66082763671875,-29.077545166015625,649.3976440429688,-27.449338912963867,205.99325561523438,-21.459407806396484,201.60491943359375,-8.183293342590332,151.0232391357422,-20.755754470825195,100.51978302001953,-14.867525100708008,202.75518798828125,-8.139862060546875,75.15202331542969,-0.6512408256530762,90.98941802978516,-16.506309509277344,71.31671142578125,-14.788755416870117,57.758277893066406,-10.355823516845703,47.91040802001953,-2.3468780517578125,39.34379959106445,-11.68252944946289,50.329673767089844,6.360846042633057,80.00883483886719,-6.769302845001221,42.0069694519043,-13.712358474731445,40.103355407714844,3
梁越玲(生)1-3,7.1,0.19677892327308655,0.100556880235672,0.19898037612438202,0.013397714123129845,2355.5094438036567,926694.6576657221,2296.120361253739,116949.26861668965,4594.559254365809,2877936.5765393605,0.11285839205473856,0.008852107467632627,-5.470743644764298e-07,0.03129052743315697,-6.461000793933636e-06,0.010765082202851772,99.38401442307692,-225.33251953125,4345.05615234375,33.9377555847168,987.7153930664062,-22.097639083862305,862.1527709960938,-34.706966400146484,892.2745361328125,-41.57969284057617,643.1254272460938,1.3721691370010376,221.17282104492188,7.66883659362793,462.31915283203125,-1.7454959154129028,110.76084899902344,-20.974262237548828,123.04167938232422,5.483801364898682,139.5830078125,-28.973613739013672,210.14996337890625,-0.8769295811653137,255.20774841308594,2.704993963241577,487.0428771972656,-0.6133643984794617,591.9384765625,4.5044145584106445,809.61669921875,18.10375213623047,632.2401123046875,-10.535981178283691,456.2607116699219,-1.3468198776245117,570.9905395507812,-4.24240255355835,790.5882568359375,2.4416468143463135,452.48248291015625,3
王金櫻(旦)1-3,6.79,0.21408535540103912,0.10050839930772781,0.1931729018688202,0.007998919114470482,1125.9312117538461,76354.11255917622,1112.4182213814233,64196.97938133191,1742.3888951845136,559341.7966016167,0.06382152570392491,0.0006061241144036929,-4.911622454528697e-05,0.036274272948503494,-9.310775203630328e-05,0.004551212769001722,103.359375,-231.7672576904297,3341.549560546875,142.76992797851562,394.29022216796875,-41.0516471862793,1448.3153076171875,-3.6203155517578125,376.5966796875,-31.09846305847168,514.7633666992188,-18.20964813232422,226.1175079345703,14.806312561035156,420.27154541015625,-2.068427324295044,65.38179016113281,-14.943778991699219,100.25366973876953,0.27427709102630615,90.88111877441406,-10.441561698913574,115.85572052001953,-6.089675426483154,93.10279083251953,-12.575804710388184,126.79850006103516,-9.801414489746094,200.49058532714844,0.2921159267425537,184.91064453125,-5.790004730224609,198.59271240234375,6.0533576011657715,296.5525817871094,8.68966007232666,419.6711120605469,5.748841762542725,467.4618225097656,12.738512992858887,345.6987609863281,3
石惠君(旦)1-3,9.12,0.21342414617538452,0.10045638680458069,0.18062521517276764,0.010034439153969288,1981.1078831833374,359700.87182955735,1761.973540671187,79082.78191659531,3675.2465633945612,1071225.5737786526,0.106148367923028,0.003353809069097206,3.754578301595757e-07,0.028666388243436813,2.922775195202121e-07,0.008368388749659061,215.33203125,-197.99974060058594,1743.929443359375,72.08710479736328,863.9417724609375,-49.45624542236328,369.26531982421875,-1.2316449880599976,231.95555114746094,-37.497276306152344,291.5486755371094,3.864795684814453,325.4613952636719,-18.624217987060547,154.06399536132812,-23.372896194458008,152.66714477539062,-14.570239067077637,97.8659439086914,6.6434645652771,198.86395263671875,-11.99973201751709,249.7159881591797,8.837677001953125,234.5832977294922,-1.5884244441986084,191.47142028808594,-15.72310733795166,440.36065673828125,6.986155033111572,422.04364013671875,-1.3455508947372437,375.44000244140625,-8.443121910095215,380.4833679199219,5.508147239685059,514.2484130859375,0.2665204107761383,486.8363037109375,4.749542713165283,389.38861083984375,3
許亞芬(生)1-3,8.0,0.19494372606277466,0.09093327075242996,0.11711879074573517,0.00449995044618845,2267.760421409548,289036.16369615623,2080.040954983231,119229.05840580848,4265.477878736413,1532007.044900613,0.1054093070652174,0.0014438027139722588,-1.161797285931243e-06,0.009348565712571144,8.043376737987273e-07,0.0044064754620194435,103.359375,-196.7884063720703,1285.3575439453125,45.81078338623047,511.6905822753906,-73.10047149658203,320.4659118652344,-18.01970672607422,286.2004699707031,-27.945148468017578,271.1224060058594,-21.33987808227539,103.61760711669922,-19.899782180786133,262.0245056152344,-17.135723114013672,94.10063171386719,-32.69316864013672,88.25270080566406,-8.828804016113281,78.61957550048828,-23.187278747558594,84.07791900634766,7.600532054901123,72.47352600097656,-12.768163681030273,93.70600891113281,-3.343773365020752,99.85275268554688,-5.03684139251709,116.846435546875,-3.6131691932678223,199.41690063476562,-0.9676214456558228,253.14361572265625,2.615900993347168,283.6485595703125,0.0224022027105093,391.82281494140625,11.166531562805176,340.8694763183594,3
郭春美(生)1-3,6.5,0.20459496974945068,0.10221511870622635,0.11371865123510361,0.006589153781533241,1843.2682491686055,513081.3528732485,1770.6882620368808,133068.86406247862,3244.8614501953125,2262863.721251115,0.10004185267857142,0.004259988531774404,-5.932722757506781e-08,0.00982602871954441,6.540778372254863e-07,0.00541878305375576,129.19921875,-318.5255432128906,5757.19287109375,46.87527847290039,1566.871826171875,-37.92943572998047,1718.15087890625,-22.740575790405273,759.882568359375,-49.08348083496094,1018.1011352539062,-2.237767219543457,570.6446533203125,-7.822963237762451,748.8468627929688,-4.488303184509277,168.947509765625,-29.07725715637207,281.4361572265625,3.2846426963806152,175.04737854003906,-5.698298454284668,188.60231018066406,0.6225448846817017,195.00469970703125,1.272036075592041,282.49932861328125,0.6472052335739136,521.3890380859375,4.498505592346191,789.981689453125,5.013633728027344,870.7447509765625,6.658128261566162,488.9643859863281,2.539036989212036,561.7207641601562,-1.4217636585235596,678.3125,0.5137907862663269,525.3200073242188,3
古翊汎1-4,14.7,0.19994555413722992,0.09530510008335114,0.26340076327323914,0.011345015838742256,1413.4418714671642,144342.0222286698,1371.1481897197975,104944.0729723081,2444.358195115339,1017778.9539202659,0.07642833818020504,0.0004907955868441641,-0.0005923330318182707,0.04993370920419693,-0.0001561455865157768,0.012894141487777233,99.38401442307692,-159.43177795410156,2215.314453125,122.04845428466797,695.5136108398438,-55.4340934753418,488.6943054199219,-2.777404546737671,236.40377807617188,-51.2834358215332,408.5168762207031,-21.91251564025879,195.8568878173828,-7.307204246520996,330.1707458496094,-10.568913459777832,117.05355072021484,-23.825214385986328,117.80006408691406,-3.710069417953491,122.08464050292969,-14.515547752380371,90.63196563720703,-1.9986865520477295,109.17507934570312,-3.038435459136963,91.87084197998047,-4.283212184906006,126.09027862548828,-4.828495025634766,153.57711791992188,-3.6394498348236084,156.77227783203125,2.9870312213897705,213.3903350830078,-0.2650389075279236,269.4726257324219,1.6758522987365723,308.4709777832031,4.957528591156006,256.64837646484375,4
孫凱琳(生)1-4,12.45,0.27371373772621155,0.11476418375968933,0.12725190818309784,0.007075667381286621,2039.558173637231,1798153.7861204755,2036.1669969841116,230772.30168812556,3753.0127498690645,4345235.596206064,0.1067544663640596,0.014915744565710399,-1.0187214627421781e-07,0.014363991096615791,6.383130312315188e-06,0.004701003432273865,107.666015625,-258.7079772949219,5501.8017578125,85.22055053710938,1903.2291259765625,11.100613594055176,794.0932006835938,1.1574538946151733,723.7958374023438,-29.888427734375,1014.150146484375,-4.407236576080322,346.3559265136719,11.307069778442383,312.4703674316406,-6.869950771331787,227.20213317871094,-20.873411178588867,186.66693115234375,18.41607666015625,235.447021484375,-16.806169509887695,109.01856231689453,-0.9638885259628296,81.67508697509766,3.8208253383636475,167.6830291748047,-9.658950805664062,148.89263916015625,-6.062689304351807,88.39380645751953,1.6803759336471558,167.2709197998047,-10.04047966003418,282.81011962890625,13.562825202941895,485.7821960449219,5.784986972808838,357.6552734375,7.19955587387085,290.695556640625,4
小咪(生)1-4,15.3,0.23452751338481903,0.09745446592569351,0.17327524721622467,0.012956729158759117,1308.4405599468712,386681.7511977369,1166.4784319337887,270831.7226739028,1963.605931098255,1887945.633321783,0.08580338936836115,0.0024019392151022824,1.4590938917535823e-05,0.025961127132177353,2.5140674551948905e-05,0.008715718984603882,103.359375,-247.64520263671875,2933.201416015625,129.27658081054688,1453.5462646484375,-28.264184951782227,808.0466918945312,-35.214027404785156,917.682861328125,-41.15660095214844,413.0150451660156,-7.606723785400391,274.8149719238281,8.441250801086426,320.5143737792969,-4.317049980163574,100.99471282958984,-11.734123229980469,140.7410430908203,9.737112045288086,128.08811950683594,-1.508966088294983,110.74396514892578,-9.361175537109375,101.3680648803711,-11.336655616760254,104.46034240722656,-16.45328140258789,153.81980895996094,-4.461320400238037,103.19766235351562,-2.404963731765747,226.6471405029297,-2.1193270683288574,256.5626220703125,-1.338780164718628,428.70703125,2.5583794116973877,425.23089599609375,4.637828350067139,287.92840576171875,4
柯銘峰(生)1-4,14.03,0.2907370626926422,0.09930354356765747,0.16833484172821045,0.008208037354052067,1371.2705621970215,967627.9834370121,1541.635890257546,246197.55826638936,2137.2860843879134,3595950.3154614014,0.07537932592975206,0.006945130086549278,0.0006119890022091568,0.0244993194937706,0.00010452843707753345,0.004699553828686476,95.703125,-214.42007446289062,3713.671875,134.41722106933594,1962.0318603515625,2.623242139816284,881.2396850585938,10.464301109313965,559.4896850585938,-40.35409164428711,558.8789672851562,-23.672252655029297,467.0790710449219,-12.470192909240723,287.2706604003906,-2.4505274295806885,136.9835968017578,-19.62250328063965,105.2388916015625,-2.748316526412964,223.68019104003906,-10.915040969848633,87.71260070800781,-2.5786519050598145,79.12283325195312,-11.0924072265625,69.4765396118164,-9.124236106872559,92.56222534179688,-16.04998016357422,103.90426635742188,-6.433681488037109,49.53458023071289,-17.448734283447266,73.1244125366211,3.6354007720947266,60.80683135986328,-7.74578857421875,34.4039306640625,-9.854792594909668,36.579402923583984,4
梁越玲(生)1-4,13.6,0.22440432012081146,0.10112453997135162,0.19562296569347382,0.010615184903144836,2844.254790960092,2122279.418823051,2481.278883750889,135259.60648334218,5682.579233215124,3162777.248861798,0.1498190193046075,0.024311577881218058,-3.0369869818969164e-07,0.030275320634245872,-1.0221063348581083e-05,0.011283586733043194,161.4990234375,-203.48333740234375,4256.2978515625,37.46379089355469,1519.0020751953125,-1.199645757675171,844.360107421875,-27.817502975463867,931.0098266601562,-51.80228805541992,1142.05615234375,3.6070005893707275,258.6036682128906,9.042875289916992,429.0452880859375,5.553474426269531,123.36251068115234,-24.184160232543945,175.537841796875,5.497847080230713,164.2829132080078,-29.274673461914062,123.91752624511719,-4.301383972167969,78.76854705810547,-10.11786937713623,173.91795349121094,-7.273440837860107,155.99520874023438,-10.97973346710205,179.0832061767578,8.164667129516602,226.26316833496094,-17.969406127929688,276.6678161621094,4.537464141845703,424.6844787597656,-0.21450690925121307,358.4939270019531,-2.5513803958892822,510.15740966796875,4
王金櫻(旦)1-4,13.2,0.22079312801361084,0.09656793624162674,0.16201940178871155,0.009114943444728851,1244.3456655013722,186796.9801075436,1246.943666461356,212949.27303034443,2038.5017917948155,1369975.1595017419,0.07018635352592267,0.0006947169709696293,-2.5067651222343557e-05,0.0246123019605875,-7.251963688759133e-05,0.005130268167704344,184.5703125,-243.5592803955078,4344.07861328125,140.0101318359375,792.83447265625,-39.05387878417969,1251.119873046875,-5.817791938781738,386.29058837890625,-28.89849281311035,547.0250244140625,-21.229568481445312,250.852783203125,6.664895057678223,356.1446533203125,0.7366398572921753,83.15753936767578,-11.797675132751465,148.67367553710938,-4.5531158447265625,65.73114776611328,-13.009204864501953,86.88587188720703,-4.022801399230957,100.23049926757812,-11.898334503173828,86.75259399414062,-10.293378829956055,204.89474487304688,-1.7661491632461548,125.72570037841797,-5.919425964355469,190.50958251953125,3.6999173164367676,278.60211181640625,6.345636367797852,387.6819152832031,0.9599912762641907,348.6921691894531,10.861480712890625,240.8929901123047,4
石惠君(旦)1-4,14.56,0.20427608489990234,0.10006246715784073,0.1688915491104126,0.012851247563958168,1907.380552443851,969519.495216307,1838.6224026968296,132462.20490511076,3662.8732863505174,2174013.8031449807,0.09347709121218153,0.008869658161904286,-9.357740395898873e-07,0.028736921027302742,-1.3088096011415473e-06,0.006207450293004513,184.5703125,-208.92636108398438,3744.8388671875,81.99102020263672,1071.373291015625,-30.30146598815918,562.167724609375,0.9650245904922485,338.7937927246094,-34.24298858642578,416.5777282714844,-9.070924758911133,246.3086395263672,-15.420733451843262,189.15293884277344,-20.765878677368164,130.4540557861328,-15.223753929138184,92.818603515625,0.9737504124641418,124.4676284790039,-14.453746795654297,208.0494384765625,3.0925958156585693,121.91962432861328,-7.773045539855957,160.14154052734375,-14.187926292419434,174.6799774169922,-2.1651268005371094,255.2555694580078,-3.937643527984619,294.7587890625,-8.743948936462402,320.95147705078125,2.4001851081848145,340.0464782714844,-3.8343112468719482,347.4044494628906,5.288173198699951,322.5138854980469,4
許亞芬(生)1-4,14.07,0.23995400965213776,0.09716592729091644,0.11451967805624008,0.006125638261437416,2320.2449359496545,517673.6225965558,2113.233271571384,123292.78671101564,4254.069050703899,2100392.572244728,0.12085041511963697,0.002958563490806962,6.344109237943485e-08,0.010320986621081829,-1.8824174219389533e-07,0.004320204723626375,103.359375,-188.72958374023438,1945.389404296875,51.389930725097656,886.0095825195312,-63.80632400512695,334.7576904296875,-15.292254447937012,419.2471008300781,-27.893484115600586,407.5220642089844,-21.463581085205078,183.2121124267578,-17.171791076660156,126.08948516845703,-10.246295928955078,134.20266723632812,-29.938148498535156,96.49029541015625,-9.646553993225098,79.36339569091797,-24.254817962646484,134.64747619628906,1.2708557844161987,112.8102798461914,-9.132572174072266,118.72147369384766,-0.5469761490821838,119.25392150878906,-8.188528060913086,136.4370880126953,-3.490090847015381,108.37873840332031,-3.1575310230255127,143.5045623779297,-0.5645951628684998,179.7796630859375,-7.4440016746521,338.43609619140625,7.191207408905029,256.3333740234375,4
郭春美(生)1-4,13.34,0.27394387125968933,0.10967455059289932,0.09354708343744278,0.006394050549715757,2218.7297368609984,1646104.3754537657,1996.295914812798,238796.6866794639,4090.8779296875,4484680.7595278695,0.12946756114130434,0.015969286851215906,1.687728179433634e-08,0.00611963402479887,-2.13933299164637e-06,0.006014322396367788,135.99917763157896,-300.8326110839844,8543.2216796875,54.473602294921875,1723.9007568359375,-23.716373443603516,1531.6859130859375,-19.05864143371582,898.7007446289062,-48.36280059814453,1365.1790771484375,-10.591567039489746,385.4206848144531,-9.247981071472168,461.5315246582031,-3.6084163188934326,178.75584411621094,-24.13691520690918,240.0985107421875,8.820966720581055,217.89759826660156,-3.323439836502075,102.53349304199219,-1.5984693765640259,108.65969848632812,-0.8949887752532959,202.66139221191406,-1.4191449880599976,324.86566162109375,-6.505617141723633,395.6378173828125,-6.950229167938232,366.56060791015625,-2.1813230514526367,324.3892517089844,3.9590089321136475,431.09906005859375,6.61421012878418,476.2171630859375,6.155395030975342,382.5084228515625,4
